{"cameraMode":{"drawMode":0,"name":"Shaded","section":"Shading Mode"},"sceneLighting":true,"audioPlay":false,"sceneViewState":{"m_AlwaysRefresh":false,"showFog":true,"showSkybox":true,"showFlares":true,"showImageEffects":true,"showParticleSystems":true,"showVisualEffectGraphs":true,"m_FxEnabled":true},"in2DMode":false,"pivot":{"x":-4.601263999938965,"y":0.5138069987297058,"z":0.8635426759719849},"rotation":{"x":-0.0032845812384039165,"y":0.7292542457580566,"z":-0.6842893362045288,"w":-0.0034995723981410267},"size":18.39729881286621,"orthographic":false}